<?xml version="1.0" encoding="UTF-8"?>
<config xmlns="http://www.knime.org/2008/09/XMLConfig" xmlns:xsi="http://www.w3.org/2001/XMLSchema-instance" xsi:schemaLocation="http://www.knime.org/2008/09/XMLConfig http://www.knime.org/XMLConfig_2008_09.xsd" key="MiningSchema">
    <config key="learning">
        <entry key="array-size" type="xint" value="9"/>
        <entry key="0" type="xstring" value="Invoice"/>
        <entry key="1" type="xstring" value="EngineSize"/>
        <entry key="2" type="xstring" value="Cylinders"/>
        <entry key="3" type="xstring" value="Horsepower"/>
        <entry key="4" type="xstring" value="MPG_City"/>
        <entry key="5" type="xstring" value="MPG_Highway"/>
        <entry key="6" type="xstring" value="Weight"/>
        <entry key="7" type="xstring" value="Wheelbase"/>
        <entry key="8" type="xstring" value="Length"/>
    </config>
    <config key="target">
        <entry key="array-size" type="xint" value="0"/>
    </config>
</config>
