<?xml version="1.0" encoding="UTF-8"?>
<config xmlns="http://www.knime.org/2008/09/XMLConfig" xmlns:xsi="http://www.w3.org/2001/XMLSchema-instance" xsi:schemaLocation="http://www.knime.org/2008/09/XMLConfig http://www.knime.org/XMLConfig_2008_09.xsd" key="model.xml">
    <entry key="version" type="xint" value="1"/>
    <entry key="class_name" type="xstring" value="org.knime.base.data.normalize.NormalizerPortObject"/>
    <config key="model">
        <config key="columns">
            <config key="Age">
                <entry key="column_name" type="xstring" value="Age"/>
                <entry key="column_scale" type="xdouble" value="0.017241379310344827"/>
                <entry key="column_translate" type="xdouble" value="-0.3275862068965517"/>
                <entry key="column_min" type="xdouble" value="0.0"/>
                <entry key="column_max" type="xdouble" value="1.0"/>
            </config>
            <config key="Sex">
                <entry key="column_name" type="xstring" value="Sex"/>
                <entry key="column_scale" type="xdouble" value="1.0"/>
                <entry key="column_translate" type="xdouble" value="0.0"/>
                <entry key="column_min" type="xdouble" value="0.0"/>
                <entry key="column_max" type="xdouble" value="1.0"/>
            </config>
            <config key="ALB">
                <entry key="column_name" type="xstring" value="ALB"/>
                <entry key="column_scale" type="xdouble" value="0.03968253968253968"/>
                <entry key="column_translate" type="xdouble" value="-1.1587301587301586"/>
                <entry key="column_min" type="xdouble" value="0.0"/>
                <entry key="column_max" type="xdouble" value="1.0"/>
            </config>
            <config key="ALP">
                <entry key="column_name" type="xstring" value="ALP"/>
                <entry key="column_scale" type="xdouble" value="0.009182736455463728"/>
                <entry key="column_translate" type="xdouble" value="-0.10376492194674013"/>
                <entry key="column_min" type="xdouble" value="0.0"/>
                <entry key="column_max" type="xdouble" value="1.0"/>
            </config>
            <config key="ALT">
                <entry key="column_name" type="xstring" value="ALT"/>
                <entry key="column_scale" type="xdouble" value="0.0176056338028169"/>
                <entry key="column_translate" type="xdouble" value="-0.01584507042253521"/>
                <entry key="column_min" type="xdouble" value="0.0"/>
                <entry key="column_max" type="xdouble" value="1.0"/>
            </config>
            <config key="AST">
                <entry key="column_name" type="xstring" value="AST"/>
                <entry key="column_scale" type="xdouble" value="0.02583979328165375"/>
                <entry key="column_translate" type="xdouble" value="-0.2739018087855297"/>
                <entry key="column_min" type="xdouble" value="0.0"/>
                <entry key="column_max" type="xdouble" value="1.0"/>
            </config>
            <config key="BIL">
                <entry key="column_name" type="xstring" value="BIL"/>
                <entry key="column_scale" type="xdouble" value="0.052083333333333336"/>
                <entry key="column_translate" type="xdouble" value="-0.04166666666666667"/>
                <entry key="column_min" type="xdouble" value="0.0"/>
                <entry key="column_max" type="xdouble" value="1.0"/>
            </config>
            <config key="CHE">
                <entry key="column_name" type="xstring" value="CHE"/>
                <entry key="column_scale" type="xdouble" value="0.09990009990009989"/>
                <entry key="column_translate" type="xdouble" value="-0.32867132867132864"/>
                <entry key="column_min" type="xdouble" value="0.0"/>
                <entry key="column_max" type="xdouble" value="1.0"/>
            </config>
            <config key="CHOL">
                <entry key="column_name" type="xstring" value="CHOL"/>
                <entry key="column_scale" type="xdouble" value="0.18181818181818182"/>
                <entry key="column_translate" type="xdouble" value="-0.47454545454545455"/>
                <entry key="column_min" type="xdouble" value="0.0"/>
                <entry key="column_max" type="xdouble" value="1.0"/>
            </config>
            <config key="CREA">
                <entry key="column_name" type="xstring" value="CREA"/>
                <entry key="column_scale" type="xdouble" value="0.012658227848101266"/>
                <entry key="column_translate" type="xdouble" value="-0.5063291139240507"/>
                <entry key="column_min" type="xdouble" value="0.0"/>
                <entry key="column_max" type="xdouble" value="1.0"/>
            </config>
            <config key="GGT">
                <entry key="column_name" type="xstring" value="GGT"/>
                <entry key="column_scale" type="xdouble" value="0.013812154696132596"/>
                <entry key="column_translate" type="xdouble" value="-0.06215469613259668"/>
                <entry key="column_min" type="xdouble" value="0.0"/>
                <entry key="column_max" type="xdouble" value="1.0"/>
            </config>
            <config key="PROT">
                <entry key="column_name" type="xstring" value="PROT"/>
                <entry key="column_scale" type="xdouble" value="0.0425531914893617"/>
                <entry key="column_translate" type="xdouble" value="-2.574468085106383"/>
                <entry key="column_min" type="xdouble" value="0.0"/>
                <entry key="column_max" type="xdouble" value="1.0"/>
            </config>
        </config>
        <entry key="summary" type="xstring" value="Min/Max (0.0, 1) normalization on 12 column(s)"/>
    </config>
</config>
