<?xml version="1.0" encoding="UTF-8"?>
<config xmlns="http://www.knime.org/2008/09/XMLConfig" xmlns:xsi="http://www.w3.org/2001/XMLSchema-instance" xsi:schemaLocation="http://www.knime.org/2008/09/XMLConfig http://www.knime.org/XMLConfig_2008_09.xsd" key="MiningSchema">
    <config key="learning">
        <entry key="array-size" type="xint" value="12"/>
        <entry key="0" type="xstring" value="Age"/>
        <entry key="1" type="xstring" value="Sex"/>
        <entry key="2" type="xstring" value="ALB"/>
        <entry key="3" type="xstring" value="ALP"/>
        <entry key="4" type="xstring" value="ALT"/>
        <entry key="5" type="xstring" value="AST"/>
        <entry key="6" type="xstring" value="BIL"/>
        <entry key="7" type="xstring" value="CHE"/>
        <entry key="8" type="xstring" value="CHOL"/>
        <entry key="9" type="xstring" value="CREA"/>
        <entry key="10" type="xstring" value="GGT"/>
        <entry key="11" type="xstring" value="PROT"/>
    </config>
    <config key="target">
        <entry key="array-size" type="xint" value="1"/>
        <entry key="0" type="xstring" value="Category"/>
    </config>
</config>
