<?xml version="1.0" encoding="UTF-8"?>
<config xmlns="http://www.knime.org/2008/09/XMLConfig" xmlns:xsi="http://www.w3.org/2001/XMLSchema-instance" xsi:schemaLocation="http://www.knime.org/2008/09/XMLConfig http://www.knime.org/XMLConfig_2008_09.xsd" key="model.xml">
    <entry key="version" type="xint" value="1"/>
    <entry key="class_name" type="xstring" value="org.knime.base.data.normalize.NormalizerPortObject"/>
    <config key="model">
        <config key="columns">
            <config key="Age">
                <entry key="column_name" type="xstring" value="Age"/>
                <entry key="column_scale" type="xdouble" value="0.018518518518518517"/>
                <entry key="column_translate" type="xdouble" value="-0.42592592592592593"/>
                <entry key="column_min" type="xdouble" value="0.0"/>
                <entry key="column_max" type="xdouble" value="1.0"/>
            </config>
            <config key="Sex">
                <entry key="column_name" type="xstring" value="Sex"/>
                <entry key="column_scale" type="xdouble" value="1.0"/>
                <entry key="column_translate" type="xdouble" value="0.0"/>
                <entry key="column_min" type="xdouble" value="0.0"/>
                <entry key="column_max" type="xdouble" value="1.0"/>
            </config>
            <config key="ALB">
                <entry key="column_name" type="xstring" value="ALB"/>
                <entry key="column_scale" type="xdouble" value="0.039062499999999965"/>
                <entry key="column_translate" type="xdouble" value="-1.1406249999999984"/>
                <entry key="column_min" type="xdouble" value="0.0"/>
                <entry key="column_max" type="xdouble" value="1.0"/>
            </config>
            <config key="ALP">
                <entry key="column_name" type="xstring" value="ALP"/>
                <entry key="column_scale" type="xdouble" value="0.009074410163339383"/>
                <entry key="column_translate" type="xdouble" value="-0.10254083484573503"/>
                <entry key="column_min" type="xdouble" value="0.0"/>
                <entry key="column_max" type="xdouble" value="1.0"/>
            </config>
            <config key="ALT">
                <entry key="column_name" type="xstring" value="ALT"/>
                <entry key="column_scale" type="xdouble" value="0.017505470459518602"/>
                <entry key="column_translate" type="xdouble" value="-0.015754923413566744"/>
                <entry key="column_min" type="xdouble" value="0.0"/>
                <entry key="column_max" type="xdouble" value="1.0"/>
            </config>
            <config key="AST">
                <entry key="column_name" type="xstring" value="AST"/>
                <entry key="column_scale" type="xdouble" value="0.02547770700636943"/>
                <entry key="column_translate" type="xdouble" value="-0.270063694267516"/>
                <entry key="column_min" type="xdouble" value="0.0"/>
                <entry key="column_max" type="xdouble" value="1.0"/>
            </config>
            <config key="BIL">
                <entry key="column_name" type="xstring" value="BIL"/>
                <entry key="column_scale" type="xdouble" value="0.051847051198963066"/>
                <entry key="column_translate" type="xdouble" value="-0.041477640959170455"/>
                <entry key="column_min" type="xdouble" value="0.0"/>
                <entry key="column_max" type="xdouble" value="1.0"/>
            </config>
            <config key="CHE">
                <entry key="column_name" type="xstring" value="CHE"/>
                <entry key="column_scale" type="xdouble" value="0.09416195856873819"/>
                <entry key="column_translate" type="xdouble" value="-0.27754237288135564"/>
                <entry key="column_min" type="xdouble" value="0.0"/>
                <entry key="column_max" type="xdouble" value="1.0"/>
            </config>
            <config key="CHOL">
                <entry key="column_name" type="xstring" value="CHOL"/>
                <entry key="column_scale" type="xdouble" value="0.17152658662092626"/>
                <entry key="column_translate" type="xdouble" value="-0.4144511149228132"/>
                <entry key="column_min" type="xdouble" value="0.0"/>
                <entry key="column_max" type="xdouble" value="1.0"/>
            </config>
            <config key="CREA">
                <entry key="column_name" type="xstring" value="CREA"/>
                <entry key="column_scale" type="xdouble" value="0.011904761904761904"/>
                <entry key="column_translate" type="xdouble" value="-0.4226190476190476"/>
                <entry key="column_min" type="xdouble" value="0.0"/>
                <entry key="column_max" type="xdouble" value="1.0"/>
            </config>
            <config key="GGT">
                <entry key="column_name" type="xstring" value="GGT"/>
                <entry key="column_scale" type="xdouble" value="0.013802622498274669"/>
                <entry key="column_translate" type="xdouble" value="-0.06211180124223601"/>
                <entry key="column_min" type="xdouble" value="0.0"/>
                <entry key="column_max" type="xdouble" value="1.0"/>
            </config>
            <config key="PROT">
                <entry key="column_name" type="xstring" value="PROT"/>
                <entry key="column_scale" type="xdouble" value="0.040983606557377004"/>
                <entry key="column_translate" type="xdouble" value="-2.465163934426226"/>
                <entry key="column_min" type="xdouble" value="0.0"/>
                <entry key="column_max" type="xdouble" value="1.0"/>
            </config>
        </config>
        <entry key="summary" type="xstring" value="Min/Max (0.0, 1) normalization on 12 column(s)"/>
    </config>
</config>
