<?xml version="1.0" encoding="UTF-8"?>
<config xmlns="http://www.knime.org/2008/09/XMLConfig" xmlns:xsi="http://www.w3.org/2001/XMLSchema-instance" xsi:schemaLocation="http://www.knime.org/2008/09/XMLConfig http://www.knime.org/XMLConfig_2008_09.xsd" key="model.xml">
    <entry key="version" type="xint" value="1"/>
    <entry key="class_name" type="xstring" value="org.knime.base.data.normalize.NormalizerPortObject"/>
    <config key="model">
        <config key="columns">
            <config key="Age">
                <entry key="column_name" type="xstring" value="Age"/>
                <entry key="column_scale" type="xdouble" value="0.018518518518518517"/>
                <entry key="column_translate" type="xdouble" value="-0.42592592592592593"/>
                <entry key="column_min" type="xdouble" value="0.0"/>
                <entry key="column_max" type="xdouble" value="1.0"/>
            </config>
            <config key="Sex">
                <entry key="column_name" type="xstring" value="Sex"/>
                <entry key="column_scale" type="xdouble" value="1.0"/>
                <entry key="column_translate" type="xdouble" value="0.0"/>
                <entry key="column_min" type="xdouble" value="0.0"/>
                <entry key="column_max" type="xdouble" value="1.0"/>
            </config>
            <config key="ALB">
                <entry key="column_name" type="xstring" value="ALB"/>
                <entry key="column_scale" type="xdouble" value="0.01485884101040119"/>
                <entry key="column_translate" type="xdouble" value="-0.22139673105497773"/>
                <entry key="column_min" type="xdouble" value="0.0"/>
                <entry key="column_max" type="xdouble" value="1.0"/>
            </config>
            <config key="ALP">
                <entry key="column_name" type="xstring" value="ALP"/>
                <entry key="column_scale" type="xdouble" value="0.002467308166790032"/>
                <entry key="column_translate" type="xdouble" value="-0.027880582284727364"/>
                <entry key="column_min" type="xdouble" value="0.0"/>
                <entry key="column_max" type="xdouble" value="1.0"/>
            </config>
            <config key="ALT">
                <entry key="column_name" type="xstring" value="ALT"/>
                <entry key="column_scale" type="xdouble" value="0.0030826140567200983"/>
                <entry key="column_translate" type="xdouble" value="-0.0027743526510480886"/>
                <entry key="column_min" type="xdouble" value="0.0"/>
                <entry key="column_max" type="xdouble" value="1.0"/>
            </config>
            <config key="AST">
                <entry key="column_name" type="xstring" value="AST"/>
                <entry key="column_scale" type="xdouble" value="0.003190810465858328"/>
                <entry key="column_translate" type="xdouble" value="-0.03382259093809828"/>
                <entry key="column_min" type="xdouble" value="0.0"/>
                <entry key="column_max" type="xdouble" value="1.0"/>
            </config>
            <config key="BIL">
                <entry key="column_name" type="xstring" value="BIL"/>
                <entry key="column_scale" type="xdouble" value="0.004803073967339097"/>
                <entry key="column_translate" type="xdouble" value="-0.003842459173871278"/>
                <entry key="column_min" type="xdouble" value="0.0"/>
                <entry key="column_max" type="xdouble" value="1.0"/>
            </config>
            <config key="CHE">
                <entry key="column_name" type="xstring" value="CHE"/>
                <entry key="column_scale" type="xdouble" value="0.066711140760507"/>
                <entry key="column_translate" type="xdouble" value="-0.09472981987991995"/>
                <entry key="column_min" type="xdouble" value="0.0"/>
                <entry key="column_max" type="xdouble" value="1.0"/>
            </config>
            <config key="CHOL">
                <entry key="column_name" type="xstring" value="CHOL"/>
                <entry key="column_scale" type="xdouble" value="0.12135922330097088"/>
                <entry key="column_translate" type="xdouble" value="-0.17354368932038836"/>
                <entry key="column_min" type="xdouble" value="0.0"/>
                <entry key="column_max" type="xdouble" value="1.0"/>
            </config>
            <config key="CREA">
                <entry key="column_name" type="xstring" value="CREA"/>
                <entry key="column_scale" type="xdouble" value="9.336196433572963E-4"/>
                <entry key="column_translate" type="xdouble" value="-0.00746895714685837"/>
                <entry key="column_min" type="xdouble" value="0.0"/>
                <entry key="column_max" type="xdouble" value="1.0"/>
            </config>
            <config key="GGT">
                <entry key="column_name" type="xstring" value="GGT"/>
                <entry key="column_scale" type="xdouble" value="0.001547029702970297"/>
                <entry key="column_translate" type="xdouble" value="-0.006961633663366337"/>
                <entry key="column_min" type="xdouble" value="0.0"/>
                <entry key="column_max" type="xdouble" value="1.0"/>
            </config>
            <config key="PROT">
                <entry key="column_name" type="xstring" value="PROT"/>
                <entry key="column_scale" type="xdouble" value="0.023980815347721823"/>
                <entry key="column_translate" type="xdouble" value="-1.0743405275779376"/>
                <entry key="column_min" type="xdouble" value="0.0"/>
                <entry key="column_max" type="xdouble" value="1.0"/>
            </config>
        </config>
        <entry key="summary" type="xstring" value="Min/Max (0.0, 1) normalization on 12 column(s)"/>
    </config>
</config>
