<?xml version="1.0" encoding="UTF-8"?>
<config xmlns="http://www.knime.org/2008/09/XMLConfig" xmlns:xsi="http://www.w3.org/2001/XMLSchema-instance" xsi:schemaLocation="http://www.knime.org/2008/09/XMLConfig http://www.knime.org/XMLConfig_2008_09.xsd" key="model.xml">
    <entry key="version" type="xint" value="1"/>
    <entry key="class_name" type="xstring" value="org.knime.base.data.normalize.NormalizerPortObject"/>
    <config key="model">
        <config key="columns">
            <config key="Age">
                <entry key="column_name" type="xstring" value="Age"/>
                <entry key="column_scale" type="xdouble" value="0.02"/>
                <entry key="column_translate" type="xdouble" value="-0.54"/>
                <entry key="column_min" type="xdouble" value="0.0"/>
                <entry key="column_max" type="xdouble" value="1.0"/>
            </config>
            <config key="Sex">
                <entry key="column_name" type="xstring" value="Sex"/>
                <entry key="column_scale" type="xdouble" value="1.0"/>
                <entry key="column_translate" type="xdouble" value="0.0"/>
                <entry key="column_min" type="xdouble" value="0.0"/>
                <entry key="column_max" type="xdouble" value="1.0"/>
            </config>
            <config key="ALB">
                <entry key="column_name" type="xstring" value="ALB"/>
                <entry key="column_scale" type="xdouble" value="0.043478260869565216"/>
                <entry key="column_translate" type="xdouble" value="-1.3652173913043477"/>
                <entry key="column_min" type="xdouble" value="0.0"/>
                <entry key="column_max" type="xdouble" value="1.0"/>
            </config>
            <config key="ALP">
                <entry key="column_name" type="xstring" value="ALP"/>
                <entry key="column_scale" type="xdouble" value="0.01027749229188078"/>
                <entry key="column_translate" type="xdouble" value="-0.23535457348406982"/>
                <entry key="column_min" type="xdouble" value="0.0"/>
                <entry key="column_max" type="xdouble" value="1.0"/>
            </config>
            <config key="ALT">
                <entry key="column_name" type="xstring" value="ALT"/>
                <entry key="column_scale" type="xdouble" value="0.019193857965451054"/>
                <entry key="column_translate" type="xdouble" value="-0.072936660268714"/>
                <entry key="column_min" type="xdouble" value="0.0"/>
                <entry key="column_max" type="xdouble" value="1.0"/>
            </config>
            <config key="AST">
                <entry key="column_name" type="xstring" value="AST"/>
                <entry key="column_scale" type="xdouble" value="0.027472527472527472"/>
                <entry key="column_translate" type="xdouble" value="-0.32967032967032966"/>
                <entry key="column_min" type="xdouble" value="0.0"/>
                <entry key="column_max" type="xdouble" value="1.0"/>
            </config>
            <config key="BIL">
                <entry key="column_name" type="xstring" value="BIL"/>
                <entry key="column_scale" type="xdouble" value="0.0558659217877095"/>
                <entry key="column_translate" type="xdouble" value="-0.1005586592178771"/>
                <entry key="column_min" type="xdouble" value="0.0"/>
                <entry key="column_max" type="xdouble" value="1.0"/>
            </config>
            <config key="CHE">
                <entry key="column_name" type="xstring" value="CHE"/>
                <entry key="column_scale" type="xdouble" value="0.11160714285714286"/>
                <entry key="column_translate" type="xdouble" value="-0.43526785714285715"/>
                <entry key="column_min" type="xdouble" value="0.0"/>
                <entry key="column_max" type="xdouble" value="1.0"/>
            </config>
            <config key="CHOL">
                <entry key="column_name" type="xstring" value="CHOL"/>
                <entry key="column_scale" type="xdouble" value="0.20242914979757087"/>
                <entry key="column_translate" type="xdouble" value="-0.5789473684210527"/>
                <entry key="column_min" type="xdouble" value="0.0"/>
                <entry key="column_max" type="xdouble" value="1.0"/>
            </config>
            <config key="CREA">
                <entry key="column_name" type="xstring" value="CREA"/>
                <entry key="column_scale" type="xdouble" value="0.0136986301369863"/>
                <entry key="column_translate" type="xdouble" value="-0.5616438356164384"/>
                <entry key="column_min" type="xdouble" value="0.0"/>
                <entry key="column_max" type="xdouble" value="1.0"/>
            </config>
            <config key="GGT">
                <entry key="column_name" type="xstring" value="GGT"/>
                <entry key="column_scale" type="xdouble" value="0.013812154696132596"/>
                <entry key="column_translate" type="xdouble" value="-0.06215469613259668"/>
                <entry key="column_min" type="xdouble" value="0.0"/>
                <entry key="column_max" type="xdouble" value="1.0"/>
            </config>
            <config key="PROT">
                <entry key="column_name" type="xstring" value="PROT"/>
                <entry key="column_scale" type="xdouble" value="0.04366812227074235"/>
                <entry key="column_translate" type="xdouble" value="-2.641921397379912"/>
                <entry key="column_min" type="xdouble" value="0.0"/>
                <entry key="column_max" type="xdouble" value="1.0"/>
            </config>
        </config>
        <entry key="summary" type="xstring" value="Min/Max (0.0, 1) normalization on 12 column(s)"/>
    </config>
</config>
